command_id,toolbar_no,toolbar_name,shortcut_no,shortcut_name,category,shortcut_key,is_sub_command,shortcut_available,collect_target,verified,status_pattern_count,collector_finished,collector_checked,state_pattern_created,button_created,remarks,command_kind,idCommand
C001,1,線,2,線,作図,H,FALSE,TRUE,TRUE,TRUE,,TRUE,TRUE,,,,メイン,32771
C002,2,矩形,3,矩形,作図,B,FALSE,TRUE,TRUE,TRUE,,TRUE,TRUE,,,,メイン,32772
C003,3,円弧,4,円弧,作図,E,FALSE,TRUE,TRUE,TRUE,,TRUE,TRUE,,,,メイン,32773
C004,4,文字,5,文字,作図,A,FALSE,TRUE,TRUE,TRUE,,TRUE,TRUE,,,,メイン,32806
C005,5,寸法,7,寸法,作図,S,FALSE,TRUE,TRUE,TRUE,,TRUE,TRUE,,,,メイン,32847
C006,6,2線,8,2線,作図,W,FALSE,TRUE,TRUE,TRUE,,TRUE,TRUE,,,ツールバー名は「2線」,メイン,32892
C007,7,中心線,9,中心線,作図,I,FALSE,TRUE,TRUE,TRUE,,TRUE,TRUE,,,,メイン,32873
C008,8,連続線,10,連続線,作図,L,FALSE,TRUE,TRUE,TRUE,,TRUE,TRUE,,,,メイン,32883
C009,9,AUTO,1,AUTO,作図,,FALSE,TRUE,TRUE,TRUE,,TRUE,TRUE,,,メニュー名はAUTOモード,メイン,32915
C010,10,点,6,点,作図,,FALSE,TRUE,TRUE,TRUE,,TRUE,TRUE,,,,メイン,32785
C011,11,接線,18,接線,作図,O,FALSE,TRUE,TRUE,TRUE,,TRUE,TRUE,,,ツールバー名は「接線」,メイン,32870
C012,12,接円,19,接円,作図,,FALSE,TRUE,TRUE,TRUE,,TRUE,TRUE,,,ツールバー名は「接円」,メイン,32872
C013,13,ハッチ,35,ﾊｯﾁ,作図,X,FALSE,TRUE,TRUE,TRUE,,TRUE,TRUE,,,メニュー名はハッチ,メイン,32874
C014,14,建平,20,建具平面,作図,J,FALSE,TRUE,TRUE,TRUE,,TRUE,TRUE,,,メニュー名は建具平面,ファイル操作,32848
C015,15,建断,21,断面,作図,,FALSE,TRUE,TRUE,TRUE,,TRUE,TRUE,,,メニュー名は建具断面,ファイル操作,32866
C016,16,建立,22,立面,作図,,FALSE,TRUE,TRUE,TRUE,,TRUE,TRUE,,,メニュー名は建具立面,ファイル操作,32865
C017,17,多角形,23,多角形,作図,,FALSE,TRUE,TRUE,TRUE,,TRUE,TRUE,,,,メイン,32894
C018,18,ソリッド,43,ソリッド,作図,,FALSE,TRUE,TRUE,TRUE,,TRUE,TRUE,,,メニュー内未掲載（ツールバー実測）,メイン,32965
C019,19,曲線,24,曲線,作図,K,FALSE,TRUE,TRUE,TRUE,,TRUE,TRUE,,,,メイン,32908
C020,20,範囲,33,範囲選択,編集,Y,FALSE,TRUE,TRUE,TRUE,,TRUE,TRUE,,,メニュー名は範囲選択,メイン,32787
C021,21,複線,11,複線,編集,F,FALSE,TRUE,TRUE,TRUE,,TRUE,TRUE,,,メニュー名は複線,メイン,32800
C022,22,コーナー,12,ｺｰﾅｰ,編集,V,FALSE,TRUE,TRUE,TRUE,,TRUE,TRUE,,,メニュー名はコーナー処理,メイン,32786
C023,23,伸縮,13,伸縮,編集,T,FALSE,TRUE,TRUE,TRUE,,TRUE,TRUE,,,,メイン,32791
C024,24,面取,14,面取,編集,R,FALSE,TRUE,TRUE,TRUE,,TRUE,TRUE,,,,メイン,32859
C025,25,消去,15,消去,編集,D,FALSE,TRUE,TRUE,TRUE,,TRUE,TRUE,,,メニュー表記は消去、キーはDEL,メイン,32794
C026,26,複写,16,複写,編集,C,FALSE,TRUE,TRUE,TRUE,,TRUE,TRUE,,,メニュー名は図形複写,メイン,32804
C027,27,移動,17,移動,編集,M,FALSE,TRUE,TRUE,TRUE,,TRUE,TRUE,,,メニュー名は図形移動,メイン,32918
C028,28,戻る,28,戻る,編集,N,FALSE,TRUE,TRUE,TRUE,,TRUE,TRUE,,,グレーアウト（Ctrl+Z表記あり）,サブ,57643
C029,29,進む,29,進む,編集,P,FALSE,TRUE,TRUE,TRUE,,TRUE,TRUE,,,グレーアウト（Ctrl+Y表記あり）,サブ,57644
C030,30,包絡,25,包絡,編集,Q,FALSE,TRUE,TRUE,TRUE,,TRUE,TRUE,,,メニュー名は包絡処理,メイン,32846
C031,31,分割,26,分割,編集,,FALSE,TRUE,TRUE,TRUE,,TRUE,TRUE,,,,メイン,32867
C032,32,整理,36,ﾃﾞｰﾀ整理,編集,,FALSE,TRUE,TRUE,TRUE,,TRUE,TRUE,,,メニュー名はデータ整理、チェックあり,メイン,32910
C033,33,属変,42,属性変更,編集,,FALSE,TRUE,TRUE,TRUE,,TRUE,TRUE,,,メニュー名は属性変更,メイン,32952
C034,34,Bk化,,ブロック化,編集,,FALSE,TRUE,TRUE,TRUE,,TRUE,TRUE,,,shortcut_noなし,ブロック,32853
C035,35,Bk解,,ブロック解除,編集,,FALSE,TRUE,TRUE,TRUE,,TRUE,TRUE,,,shortcut_noなし,ブロック,32909
C036,36,Bk属,,ブロック属性,編集,,FALSE,TRUE,TRUE,TRUE,,TRUE,TRUE,,,shortcut_noなし,ブロック,32970
C037,37,Bk編,,ブロック編集,編集,,FALSE,TRUE,TRUE,TRUE,,TRUE,TRUE,,,shortcut_noなし,ブロック,32986
C038,38,Bk終,,ブロック編集終了,編集,,FALSE,TRUE,TRUE,TRUE,,TRUE,TRUE,,,グレーアウト、shortcut_noなし,ブロック,32985
C039,39,新規,,新規作成,ファイル,,FALSE,TRUE,TRUE,TRUE,,TRUE,TRUE,,,shortcut_noなし（Ctrl+N表記あり）,ファイル操作,57600
C040,40,開く,98,開く,ファイル,,FALSE,TRUE,TRUE,TRUE,,TRUE,TRUE,,,メニュー名は開く（Ctrl+O表記あり）,ファイル操作,57601
C041,41,上書,,上書き保存,ファイル,,FALSE,TRUE,TRUE,TRUE,,TRUE,TRUE,,,グレーアウト、shortcut_noなし（Ctrl+S表記あり）,ファイル操作,57603
C042,42,保存,100,保存,ファイル,,FALSE,TRUE,TRUE,TRUE,,TRUE,TRUE,,,メニュー名は名前を付けて保存,ファイル操作,57604
C043,43,印刷,99,印刷,ファイル,,FALSE,TRUE,TRUE,TRUE,,TRUE,TRUE,,,shortcut_noあり（Ctrl+P表記あり）,ファイル操作,57607
C044,44,切取,,切り取り,編集,,FALSE,TRUE,TRUE,TRUE,,TRUE,TRUE,,,shortcut_noなし（Ctrl+X表記あり）,ファイル操作,57635
C045,45,コピー,75,ｺﾋﾟｰ,編集,,FALSE,TRUE,TRUE,TRUE,,TRUE,TRUE,,,メニュー名はコピー（Ctrl+C表記あり）,ファイル操作,57634
C046,46,貼付,34,貼付,編集,,FALSE,TRUE,TRUE,TRUE,,TRUE,TRUE,,,グレーアウト（Ctrl+V表記あり）、メニュー名貼り付け,ファイル操作,57637
C047,47,線属性,81,線属性設定,設定,,TRUE,TRUE,TRUE,TRUE,,TRUE,TRUE,,,ツールバー実測によりサブコマンド（紺色）,サブ,32807
C048,48,属性取得,78,全属性取得,設定,,TRUE,TRUE,TRUE,TRUE,,TRUE,TRUE,,,ツールバー実測によりサブコマンド（紺色）、メニュー名属性取得,サブ,32931
C049,49,線角度,87,線角度,設定,,TRUE,TRUE,TRUE,TRUE,,TRUE,TRUE,,,ツールバー実測によりサブコマンド（紺色）、メニュー名角度取得,サブ,32932
C050,50,鉛直角,88,線鉛直角,設定,,TRUE,TRUE,TRUE,TRUE,,TRUE,TRUE,,,ツールバー実測によりサブコマンド（紺色）、メニュー内未掲載,サブ,32935
C051,51,X軸角,89,X軸角度,設定,,TRUE,TRUE,TRUE,TRUE,,TRUE,TRUE,,,ツールバー実測によりサブコマンド（紺色）、メニュー内未掲載,サブ,32933
C052,52,2点角,90,2点間角,設定,,TRUE,TRUE,TRUE,TRUE,,TRUE,TRUE,,,ツールバー実測によりサブコマンド（紺色）、メニュー内未掲載,サブ,32934
C053,53,線長,92,線長,設定,,TRUE,TRUE,TRUE,TRUE,,TRUE,TRUE,,,ツールバー実測によりサブコマンド（紺色）、メニュー名長さ取得,サブ,32939
C054,54,2点長,93,2点長,設定,,TRUE,TRUE,TRUE,TRUE,,TRUE,TRUE,,,ツールバー実測によりサブコマンド（紺色）、メニュー内未掲載,サブ,32940
C055,55,間隔,95,間隔,設定,,FALSE,TRUE,TRUE,TRUE,,TRUE,TRUE,,,,サブ,32948
C056,56,基本設定,112,基本設定,設定,,TRUE,TRUE,TRUE,TRUE,,TRUE,TRUE,,,ツールバー実測によりサブコマンド（紺色）、メニュー名基本設定,サブ,32891
C057,57,図形,27,図形,その他,Z,FALSE,TRUE,TRUE,TRUE,,TRUE,TRUE,,,,ファイル操作,32862
C058_1,58,図登録,101,登録,その他,,FALSE,TRUE,TRUE,TRUE,,TRUE,TRUE,,,範囲(101〜108)を分解、メニュー名図形登録,メイン,
C058_2,58,図登録,102,登録,その他,,FALSE,TRUE,TRUE,TRUE,,TRUE,TRUE,,,範囲(101〜108)を分解、メニュー名図形登録,メイン,
C058_3,58,図登録,103,登録,その他,,FALSE,TRUE,TRUE,TRUE,,TRUE,TRUE,,,範囲(101〜108)を分解、メニュー名図形登録,メイン,
C058_4,58,図登録,104,登録,その他,,FALSE,TRUE,TRUE,TRUE,,TRUE,TRUE,,,範囲(101〜108)を分解、メニュー名図形登録,メイン,
C058_5,58,図登録,105,登録,その他,,FALSE,TRUE,TRUE,TRUE,,TRUE,TRUE,,,範囲(101〜108)を分解、メニュー名図形登録,メイン,
C058_6,58,図登録,106,登録,その他,,FALSE,TRUE,TRUE,TRUE,,TRUE,TRUE,,,範囲(101〜108)を分解、メニュー名図形登録,メイン,
C058_7,58,図登録,107,登録,その他,,FALSE,TRUE,TRUE,TRUE,,TRUE,TRUE,,,範囲(101〜108)を分解、メニュー名図形登録,メイン,
C058_8,58,図登録,108,登録,その他,,FALSE,TRUE,TRUE,TRUE,,TRUE,TRUE,,,範囲(101〜108)を分解、メニュー名図形登録,メイン,
C059,59,線記変形,59,記号,その他,,FALSE,TRUE,TRUE,TRUE,,TRUE,TRUE,,,メニュー名線記号変形、リスト内は28記号,ファイル操作,32869
C060,60,座標,37,座標ファイル,その他,U,FALSE,TRUE,TRUE,TRUE,,TRUE,TRUE,,,メニュー名座標ファイル,メイン,32895
C061,61,外変,30,外部,その他,G,FALSE,TRUE,TRUE,TRUE,,TRUE,TRUE,,,メニュー名外部変形,ファイル操作,32913
C062,62,測定,31,測定,その他,,FALSE,TRUE,TRUE,TRUE,,TRUE,TRUE,,,,メイン,32897
C063,63,表計算,39,表計算,その他,,FALSE,TRUE,TRUE,TRUE,,TRUE,TRUE,,,,メイン,32914
C064,64,距離点,40,距離指定点,その他,,FALSE,TRUE,TRUE,TRUE,,TRUE,TRUE,,,メニュー名距離指定点,メイン,32930
C065,65,式計算,41,式計算,その他,,FALSE,TRUE,TRUE,TRUE,,TRUE,TRUE,,,,メイン,32947
C066,66,パラメ,29,ﾊﾟﾗﾒﾄﾘｯｸ,その他,P,FALSE,TRUE,TRUE,TRUE,,TRUE,TRUE,,,メニュー名パラメトリック変形,メイン,32898
C067,67,寸法図化,,寸法図形化,その他,,FALSE,TRUE,TRUE,TRUE,,TRUE,TRUE,,,shortcut_noなし,メイン,32928
C068,68,寸法図解,,寸法図形解除,その他,,FALSE,TRUE,TRUE,TRUE,,TRUE,TRUE,,,shortcut_noなし,メイン,32929
C069,69,選択図形,32,登録選択図、登録選択図形,その他,,FALSE,TRUE,TRUE,TRUE,,TRUE,TRUE,,,グレーアウト、メニュー名登録選択図形,未確認,
C070,70,2.5D,,2．5D,その他,,FALSE,TRUE,TRUE,TRUE,,TRUE,TRUE,,,shortcut_noなし,メイン,32937
C071,71,日影図,,日影図,その他,,FALSE,TRUE,TRUE,TRUE,,TRUE,TRUE,,,shortcut_noなし,メイン,32943
C072,72,天空図,,天空図,その他,,FALSE,TRUE,TRUE,TRUE,,TRUE,TRUE,,,shortcut_noなし,メイン,32971
C073,73,タグ,73,ﾀｸﾞｼﾞｬﾝﾌﾟ,ファイル,,FALSE,TRUE,TRUE,TRUE,,TRUE,TRUE,,,グレーアウト、メニュー名タグジャンプ,ワンショット,
C074,74,画像編集,,画像編集,編集,,FALSE,TRUE,TRUE,TRUE,,TRUE,TRUE,,,shortcut_noなし,ファイル操作,33013
C075,75,中心点,,中心点取得,設定,,TRUE,TRUE,TRUE,TRUE,,TRUE,TRUE,,,ツールバー実測によりサブコマンド（紺色）,サブ,33016
C076,76,線上点,,線上点・交点取得,設定,,TRUE,TRUE,TRUE,TRUE,,TRUE,TRUE,,,ツールバー実測によりサブコマンド（紺色）,サブ,33017
C077,77,円周1/4,,円周1/4点取得,設定,,TRUE,TRUE,TRUE,TRUE,,TRUE,TRUE,,,ツールバー実測によりサブコマンド（紺色）,サブ,33028
C078,78,SPEED,,SPEED Data入力,その他,,FALSE,TRUE,TRUE,TRUE,,TRUE,TRUE,,,グレーアウト、shortcut_noなし,未確認,
