timestamp,command_id,event_type,x,y,raw_status_text
15:16:41.078,,AUTO,,,"始点を指示してください  (L)free  (R)Read   [ 1.833°]   12,586.311"
15:18:38.415,,AUTO,,,始点を指示してください  (L)free  (R)Read
15:19:21.338,C001,AUTO,,,始点を指示してください  (L)free  (R)Read
15:22:25.098,C001,AUTO,,,中心点を指示してください  (L)free  (R)Read
15:23:40.384,C001,AUTO,,,始点を指示してください  (L)free  (R)Read
15:36:10.855,,AUTO,,,
15:36:11.048,,AUTO,,,始点を指示してください  (L)free  (R)Read
15:36:15.737,,CLICK,320,237,線を書きます
15:36:15.876,,CLICK_AFTER,321,237,始点を指示してください  (L)free  (R)Read
15:36:16.265,,CLICK,623,356,◆　　終点を指示してください  (L)free  (R)Read   [ 0.000°]   100.638
15:36:16.297,,AUTO,,,◆　　終点を指示してください  (L)free  (R)Read   [ 0.000°]   771.565
15:36:16.422,,CLICK_AFTER,730,363,"◆　　終点を指示してください  (L)free  (R)Read   [ 0.000°]   4,260.383"
15:36:16.450,,AUTO,,,"◆　　終点を指示してください  (L)free  (R)Read   [ 0.000°]   5,367.412"
15:36:16.580,,AUTO,,,"◆　　終点を指示してください  (L)free  (R)Read   [ 0.000°]   11,875.399"
15:36:16.713,,AUTO,,,"◆　　終点を指示してください  (L)free  (R)Read   [ 0.000°]   17,041.533"
15:36:16.840,,AUTO,,,"◆　　終点を指示してください  (L)free  (R)Read   [ 0.000°]   18,416.932"
15:36:16.966,,AUTO,,,"◆　　終点を指示してください  (L)free  (R)Read   [ 0.000°]   19,154.952"
15:36:17.094,,AUTO,,,"始点を指示してください  (L)free  (R)Read   [ 0.000°]   19,154.952"
15:36:17.552,,CLICK,1205,412,"始点を指示してください  (L)free  (R)Read   [ 0.000°]   19,154.952"
15:36:17.572,,AUTO,,,◆　　終点を指示してください  (L)free  (R)Read   [ 0.000°]   0.000
15:36:17.695,,CLICK_AFTER,1047,402,"◆　　終点を指示してください  (L)free  (R)Read   [ 180.000°]   6,071.884"
15:36:17.724,,AUTO,,,"◆　　終点を指示してください  (L)free  (R)Read   [ 180.000°]   8,118.210"
15:36:17.848,,AUTO,,,"◆　　終点を指示してください  (L)free  (R)Read   [ 180.000°]   13,418.530"
15:36:17.971,,AUTO,,,"◆　　終点を指示してください  (L)free  (R)Read   [ 180.000°]   16,035.143"
15:36:18.101,,AUTO,,,"◆　　終点を指示してください  (L)free  (R)Read   [ 180.000°]   19,322.683"
15:36:18.218,,AUTO,,,"◆　　終点を指示してください  (L)free  (R)Read   [ 180.000°]   20,530.351"
15:36:18.335,,CLICK,593,417,"◆　　終点を指示してください  (L)free  (R)Read   [ 180.000°]   20,530.351"
15:36:18.469,,CLICK_AFTER,593,417,"始点を指示してください  (L)free  (R)Read   [ 180.000°]   20,530.351"
15:36:18.841,,CLICK,780,291,"始点を指示してください  (L)free  (R)Read   [ 180.000°]   20,530.351"
15:36:19.086,,CLICK_AFTER,772,463,"◆　　終点を指示してください  (L)free  (R)Read   [ -90.000°]   6,038.338"
15:36:19.116,,AUTO,,,"◆　　終点を指示してください  (L)free  (R)Read   [ -90.000°]   6,910.543"
15:36:19.246,,AUTO,,,"◆　　終点を指示してください  (L)free  (R)Read   [ -90.000°]   7,950.479"
15:36:19.371,,AUTO,,,"始点を指示してください  (L)free  (R)Read   [ -90.000°]   7,950.479"
15:36:19.729,,CLICK,914,275,"始点を指示してください  (L)free  (R)Read   [ -90.000°]   7,950.479"
15:36:19.864,,CLICK_AFTER,920,361,"◆　　終点を指示してください  (L)free  (R)Read   [ -90.000°]   3,321.086"
15:36:19.893,,AUTO,,,"◆　　終点を指示してください  (L)free  (R)Read   [ -90.000°]   4,159.744"
15:36:20.016,,AUTO,,,"◆　　終点を指示してください  (L)free  (R)Read   [ -90.000°]   7,715.654"
15:36:20.144,,AUTO,,,"◆　　終点を指示してください  (L)free  (R)Read   [ -90.000°]   8,755.591"
15:36:20.263,,CLICK,917,537,"◆　　終点を指示してください  (L)free  (R)Read   [ -90.000°]   8,789.137"
15:36:20.292,,AUTO,,,"始点を指示してください  (L)free  (R)Read   [ -90.000°]   8,789.137"
15:36:20.417,,CLICK_AFTER,917,537,"始点を指示してください  (L)free  (R)Read   [ -90.000°]   8,789.137"
15:36:20.983,,CLICK,1077,560,"始点を指示してください  (L)free  (R)Read   [ -90.000°]   8,789.137"
15:36:21.122,,CLICK_AFTER,1078,447,"◆　　終点を指示してください  (L)free  (R)Read   [ 90.000°]   4,797.124"
15:36:21.149,,AUTO,,,"◆　　終点を指示してください  (L)free  (R)Read   [ 90.000°]   5,937.699"
15:36:21.278,,AUTO,,,"◆　　終点を指示してください  (L)free  (R)Read   [ 90.000°]   7,380.191"
15:36:21.399,,AUTO,,,"◆　　終点を指示してください  (L)free  (R)Read   [ 90.000°]   8,285.942"
15:36:21.519,,CLICK,1068,306,"◆　　終点を指示してください  (L)free  (R)Read   [ 90.000°]   8,520.766"
15:36:21.652,,CLICK_AFTER,1068,306,"始点を指示してください  (L)free  (R)Read   [ 90.000°]   8,487.220"
15:36:21.912,,ESC,,,"◆　　終点を指示してください  (L)free  (R)Read   [ 0.000°]   6,105.431"
15:36:22.420,,AUTO,,,始点を指示してください  (L)free  (R)Read
15:36:34.952,,CLICK,621,612,始点を指示してください  (L)free  (R)Read
15:36:35.086,,CLICK_AFTER,621,612,始点を指示してください  (L)free  (R)Read
15:37:25.230,C001,CLICK,1476,157,始点を指示してください  (L)free  (R)Read
15:37:25.381,C001,CLICK_AFTER,1476,157,始点を指示してください  (L)free  (R)Read
15:37:26.563,C001,CLICK,1034,150,始点を指示してください  (L)free  (R)Read
15:37:27.162,C001,CLICK_AFTER,1494,143,始点を指示してください  (L)free  (R)Read
15:37:29.114,C001,AUTO,,,線を書きます
15:37:29.237,C001,CLICK,765,227,線を書きます
15:37:29.369,C001,CLICK_AFTER,765,227,始点を指示してください  (L)free  (R)Read
15:37:29.854,C001,CLICK,771,231,線を書きます
15:37:30.006,C001,CLICK_AFTER,771,231,始点を指示してください  (L)free  (R)Read
15:37:32.203,C001,CLICK,1164,301,始点を指示してください  (L)free  (R)Read
15:37:32.224,C001,AUTO,,,◆　　終点を指示してください  (L)free  (R)Read   [ 0.000°]   0.000
15:37:32.353,C001,CLICK_AFTER,1166,334,"◆　　終点を指示してください  (L)free  (R)Read   [ -90.000°]   1,643.769"
15:37:32.385,C001,AUTO,,,"◆　　終点を指示してください  (L)free  (R)Read   [ -90.000°]   2,985.623"
15:37:32.517,C001,AUTO,,,"◆　　終点を指示してください  (L)free  (R)Read   [ -90.000°]   6,206.070"
15:37:32.651,C001,AUTO,,,"◆　　終点を指示してください  (L)free  (R)Read   [ -90.000°]   6,273.162"
15:37:32.786,C001,CLICK,1165,488,"始点を指示してください  (L)free  (R)Read   [ -90.000°]   6,273.162"
15:37:32.922,C001,CLICK_AFTER,1151,472,"始点を指示してください  (L)free  (R)Read   [ -90.000°]   6,273.162"
15:37:33.173,C001,CLICK,1113,459,"始点を指示してください  (L)free  (R)Read   [ -90.000°]   6,273.162"
15:37:33.311,C001,CLICK_AFTER,1180,459,"◆　　終点を指示してください  (L)free  (R)Read   [ 0.000°]   3,690.095"
15:37:33.344,C001,AUTO,,,"◆　　終点を指示してください  (L)free  (R)Read   [ 0.000°]   6,642.172"
15:37:33.465,C001,AUTO,,,"◆　　終点を指示してください  (L)free  (R)Read   [ 0.000°]   13,888.178"
15:37:33.711,C001,AUTO,,,"始点を指示してください  (L)free  (R)Read   [ 0.000°]   13,888.178"
15:37:34.180,C001,CLICK,1478,313,"始点を指示してください  (L)free  (R)Read   [ 0.000°]   13,888.178"
15:37:34.317,C001,CLICK_AFTER,1487,355,"◆　　終点を指示してください  (L)free  (R)Read   [ -90.000°]   2,012.779"
15:37:34.354,C001,AUTO,,,"◆　　終点を指示してください  (L)free  (R)Read   [ -90.000°]   3,421.725"
15:37:34.485,C001,AUTO,,,"◆　　終点を指示してください  (L)free  (R)Read   [ -90.000°]   7,145.367"
15:37:34.610,C001,AUTO,,,"◆　　終点を指示してください  (L)free  (R)Read   [ -90.000°]   7,480.830"
15:37:34.733,C001,CLICK,1509,536,"◆　　終点を指示してください  (L)free  (R)Read   [ -90.000°]   7,480.830"
15:37:34.875,C001,CLICK_AFTER,1509,536,"始点を指示してください  (L)free  (R)Read   [ -90.000°]   7,480.830"
15:37:36.040,C001,ESC,,,"◆　　終点を指示してください  (L)free  (R)Read   [ -90.000°]   10,063.897"
15:37:36.509,C001,AUTO,,,"◆　　終点を指示してください  (L)free  (R)Read   [ -90.000°]   9,996.805"
15:37:36.639,C001,AUTO,,,始点を指示してください  (L)free  (R)Read
15:59:09.874,C002,AUTO,,,中心点を指示してください  (L)free  (R)Read
15:59:19.558,C002,AUTO,,,矩形を書きます
15:59:19.805,C002,CLICK,588,403,矩形を書きます
15:59:20.007,C002,CLICK_AFTER,588,403,ﾍﾙﾌﾟを表示するには [F1] を押してください。
15:59:20.043,C002,AUTO,,,"□   矩形の基準点を指示して下さい。  (L)free  (R)Read     W=27,450.000    H=27,450.000"
15:59:25.332,C002,CLICK,948,473,"□   矩形の基準点を指示して下さい。  (L)free  (R)Read     W=27,450.000    H=27,450.000"
15:59:25.487,C002,CLICK_AFTER,948,473,"矩形の位置を指示して下さい。     W=27,450.000    H=27,450.000"
15:59:26.522,C002,CLICK,1194,629,"矩形の位置を指示して下さい。     W=27,450.000    H=27,450.000"
15:59:26.678,C002,CLICK_AFTER,1194,629,"□   矩形の基準点を指示して下さい。  (L)free  (R)Read     W=27,450.000    H=27,450.000"
15:59:29.425,C002,CLICK,1320,439,"□   矩形の基準点を指示して下さい。  (L)free  (R)Read     W=27,450.000    H=27,450.000"
15:59:29.460,C002,AUTO,,,"矩形の位置を指示して下さい。     W=27,450.000    H=27,450.000"
15:59:29.592,C002,CLICK_AFTER,1344,461,"矩形の位置を指示して下さい。     W=27,450.000    H=27,450.000"
15:59:30.240,C002,CLICK,1477,625,"矩形の位置を指示して下さい。     W=27,450.000    H=27,450.000"
15:59:30.415,C002,CLICK_AFTER,1477,625,"□   矩形の基準点を指示して下さい。  (L)free  (R)Read     W=27,450.000    H=27,450.000"
15:59:40.427,C003,AUTO,,,円を書く
15:59:40.561,C003,CLICK,728,831,円を書く
15:59:40.830,C003,CLICK_AFTER,728,831,ﾍﾙﾌﾟを表示するには [F1] を押してください。
15:59:41.023,C003,AUTO,,,中心点を指示してください  (L)free  (R)Read
15:59:42.842,C003,CLICK,869,652,中心点を指示してください  (L)free  (R)Read
15:59:42.995,C003,CLICK_AFTER,869,652,円位置を指示してください  (L)free  (R)Read
15:59:43.265,C003,AUTO,,,円位置を指示してください  (L)free  (R)Read      r = 303.774
15:59:43.408,C003,AUTO,,,"円位置を指示してください  (L)free  (R)Read      r = 2,585.679"
15:59:43.543,C003,AUTO,,,"円位置を指示してください  (L)free  (R)Read      r = 4,035.749"
15:59:43.689,C003,AUTO,,,"円位置を指示してください  (L)free  (R)Read      r = 4,275.676"
15:59:43.939,C003,CLICK,983,595,"円位置を指示してください  (L)free  (R)Read      r = 4,275.676"
15:59:44.086,C003,CLICK_AFTER,983,595,"中心点を指示してください  (L)free  (R)Read      r = 4,275.676"
15:59:45.081,C003,CLICK,949,670,円位置を指示してください  (L)free  (R)Read
15:59:45.241,C003,CLICK_AFTER,974,660,"円位置を指示してください  (L)free  (R)Read      r = 1,052.841"
15:59:45.282,C003,AUTO,,,"円位置を指示してください  (L)free  (R)Read      r = 1,680.332"
15:59:45.416,C003,AUTO,,,"円位置を指示してください  (L)free  (R)Read      r = 3,840.724"
15:59:45.549,C003,AUTO,,,"円位置を指示してください  (L)free  (R)Read      r = 5,160.903"
15:59:46.056,C003,CLICK,1087,602,"円位置を指示してください  (L)free  (R)Read      r = 5,160.903"
15:59:46.214,C003,CLICK_AFTER,1087,602,"中心点を指示してください  (L)free  (R)Read      r = 5,160.903"
15:59:48.168,C003,CLICK,1140,664,"中心点を指示してください  (L)free  (R)Read      r = 5,160.903"
15:59:48.322,C003,CLICK_AFTER,1153,663,円位置を指示してください  (L)free  (R)Read      r = 437.390
15:59:48.362,C003,AUTO,,,"円位置を指示してください  (L)free  (R)Read      r = 1,473.749"
15:59:48.501,C003,AUTO,,,"円位置を指示してください  (L)free  (R)Read      r = 2,367.572"
15:59:48.632,C003,AUTO,,,"円位置を指示してください  (L)free  (R)Read      r = 2,880.494"
15:59:49.010,C003,CLICK,1217,626,"円位置を指示してください  (L)free  (R)Read      r = 2,880.494"
15:59:49.045,C003,AUTO,,,"中心点を指示してください  (L)free  (R)Read      r = 2,880.494"
15:59:49.183,C003,CLICK_AFTER,1217,626,"中心点を指示してください  (L)free  (R)Read      r = 2,880.494"
15:59:50.217,C003,ESC,,,"円位置を指示してください  (L)free  (R)Read      r = 2,880.494"
15:59:50.742,C003,AUTO,,,"円位置を指示してください  (L)free  (R)Read      r = 2,289.521"
15:59:50.882,C003,AUTO,,,"円位置を指示してください  (L)free  (R)Read      r = 2,112.353"
15:59:51.025,C003,AUTO,,,"円位置を指示してください  (L)free  (R)Read      r = 1,566.293"
15:59:51.153,C003,ESC,,,中心点を指示してください  (L)free  (R)Read
16:00:15.148,C004,CLICK,768,830,文字を書きます
16:00:15.538,C004,CLICK_AFTER,768,830,ﾍﾙﾌﾟを表示するには [F1] を押してください。
16:00:15.694,C004,AUTO,,,文字を入力するか、移動・変更(L)、複写(R)で文字を指示して下さい。
16:00:22.066,C004,AUTO,,,文字の位置を指示して下さい  (L)free  (R)Read
16:00:23.300,C004,CLICK,872,628,文字の位置を指示して下さい  (L)free  (R)Read
16:00:23.460,C004,CLICK_AFTER,872,628,文字を入力するか、移動・変更(L)、複写(R)で文字を指示して下さい。
16:00:27.451,C004,AUTO,,,文字の位置を指示して下さい  (L)free  (R)Read
16:00:28.566,C004,CLICK,941,650,文字の位置を指示して下さい  (L)free  (R)Read
16:00:28.748,C004,CLICK_AFTER,941,650,文字を入力するか、移動・変更(L)、複写(R)で文字を指示して下さい。
16:00:32.589,C004,RCLICK,879,623,文字を入力するか、移動・変更(L)、複写(R)で文字を指示して下さい。
16:00:32.772,C004,RCLICK_AFTER,873,633,文字の位置を指示して下さい  (L)free  (R)Read
16:00:33.175,C004,CLICK,876,668,文字の位置を指示して下さい  (L)free  (R)Read
16:00:33.334,C004,CLICK_AFTER,881,661,文字を入力するか、移動・変更(L)、複写(R)で文字を指示して下さい。
16:00:33.997,C004,RCLICK,880,624,文字を入力するか、移動・変更(L)、複写(R)で文字を指示して下さい。
16:00:34.155,C004,RCLICK_AFTER,873,628,文字を入力するか、移動・変更(L)、複写(R)で文字を指示して下さい。
16:00:34.215,C004,AUTO,,,文字の位置を指示して下さい  (L)free  (R)Read
16:00:34.986,C004,CLICK,930,677,文字の位置を指示して下さい  (L)free  (R)Read
16:00:35.160,C004,CLICK_AFTER,930,677,文字を入力するか、移動・変更(L)、複写(R)で文字を指示して下さい。
16:00:56.492,C005,CLICK,917,292,文字を入力するか、移動・変更(L)、複写(R)で文字を指示して下さい。
16:00:57.397,C005,CLICK_AFTER,972,284,文字を入力するか、移動・変更(L)、複写(R)で文字を指示して下さい。
16:00:58.927,C005,CLICK,898,816,文字を入力するか、移動・変更(L)、複写(R)で文字を指示して下さい。
16:00:59.451,C005,CLICK_AFTER,947,653,文字を入力するか、移動・変更(L)、複写(R)で文字を指示して下さい。
16:01:00.877,C005,CLICK,930,809,文字を入力するか、移動・変更(L)、複写(R)で文字を指示して下さい。
16:01:01.314,C005,CLICK_AFTER,974,801,文字を入力するか、移動・変更(L)、複写(R)で文字を指示して下さい。
16:01:04.875,C005,AUTO,,,寸法を記入します
16:01:05.013,C005,CLICK,838,820,寸法を記入します
16:01:05.176,C005,CLICK_AFTER,838,820,ﾍﾙﾌﾟを表示するには [F1] を押してください。
16:01:05.213,C005,AUTO,,,[寸法] 引出し線の始点を指示して下さい。(L)free　(R)Read
16:01:10.468,C005,CLICK,763,609,[寸法] 引出し線の始点を指示して下さい。(L)free　(R)Read
16:01:10.502,C005,AUTO,,,■　寸法線の位置を指示して下さい。(L)free　(R)Read
16:01:10.635,C005,CLICK_AFTER,763,609,■　寸法線の位置を指示して下さい。(L)free　(R)Read
16:01:11.874,C005,CLICK,798,543,■　寸法線の位置を指示して下さい。(L)free　(R)Read
16:01:11.904,C005,AUTO,,,○　寸法の始点を指示して下さい
16:01:12.038,C005,CLICK_AFTER,819,549,○　寸法の始点を指示して下さい
16:01:13.042,C005,RCLICK,971,540,○　寸法の始点を指示して下さい
16:01:13.084,C005,AUTO,,,●   寸法の終点を指示して下さい。
16:01:13.216,C005,RCLICK_AFTER,994,543,●   寸法の終点を指示して下さい。
16:01:14.123,C005,RCLICK,1107,540,●   寸法の終点を指示して下さい。
16:01:14.285,C005,RCLICK_AFTER,1107,543,○●寸法の始点はﾏｳｽ(L)、連続入力の終点はﾏｳｽ(R)で指示して下さい。
16:01:17.160,C005,RCLICK,1244,551,○●寸法の始点はﾏｳｽ(L)、連続入力の終点はﾏｳｽ(R)で指示して下さい。
16:01:17.320,C005,RCLICK_AFTER,1216,551,○●寸法の始点はﾏｳｽ(L)、連続入力の終点はﾏｳｽ(R)で指示して下さい。
16:01:18.950,C005,AUTO,,,[寸法] 引出し線の始点を指示して下さい。(L)free　(R)Read
16:01:21.520,C005,CLICK,1072,447,[寸法] 引出し線の始点を指示して下さい。(L)free　(R)Read
16:01:21.668,C005,CLICK_AFTER,1080,439,■　寸法線の位置を指示して下さい。(L)free　(R)Read
16:01:23.520,C005,CLICK,754,341,■　寸法線の位置を指示して下さい。(L)free　(R)Read
16:01:23.676,C005,CLICK_AFTER,754,341,■　寸法線の位置を指示して下さい。(L)free　(R)Read
16:01:25.546,C005,RCLICK,1108,491,■　寸法線の位置を指示して下さい。(L)free　(R)Read
16:01:25.696,C005,RCLICK_AFTER,1108,491,○　寸法の始点を指示して下さい
16:01:26.578,C005,RCLICK,1104,610,○　寸法の始点を指示して下さい
16:01:26.723,C005,RCLICK_AFTER,1104,610,●   寸法の終点を指示して下さい。
16:01:27.949,C005,RCLICK,1113,498,●   寸法の終点を指示して下さい。
16:01:28.099,C005,RCLICK_AFTER,1113,498,○●寸法の始点はﾏｳｽ(L)、連続入力の終点はﾏｳｽ(R)で指示して下さい。
16:01:36.218,C006,CLICK,859,344,○●寸法の始点はﾏｳｽ(L)、連続入力の終点はﾏｳｽ(R)で指示して下さい。
16:01:36.260,C006,AUTO,,,[寸法] 引出し線の始点を指示して下さい。(L)free　(R)Read
16:01:36.393,C006,CLICK_AFTER,860,365,[寸法] 引出し線の始点を指示して下さい。(L)free　(R)Read
16:01:39.711,C006,CLICK,879,823,２線を作図します
16:01:39.895,C006,CLICK_AFTER,879,823,ﾍﾙﾌﾟを表示するには [F1] を押してください。
16:01:40.052,C006,AUTO,,,基準線を指示してください。
16:01:44.476,C006,AUTO,,,始点を指示してください  (L)free  (R)Read     　　　基準線変更(LL)　指示線包絡(RR)
16:01:47.611,C006,CLICK,973,435,始点を指示してください  (L)free  (R)Read     　　　基準線変更(LL)　指示線包絡(RR)
16:01:47.755,C006,CLICK_AFTER,973,435,【　点指示(ﾏｳｽ移動)　基準線変更(L)　】
16:01:48.022,C006,AUTO,,,◆終点を指示してください  (L)free  (R)Read     　　　基準線変更(LL)　指示線包絡(RR)
16:01:48.391,C006,CLICK,1071,438,【　点指示(ﾏｳｽ移動)　基準線変更(L)　】
16:01:48.551,C006,CLICK_AFTER,1071,450,始点を指示してください  (L)free  (R)Read     　　　基準線変更(LL)　指示線包絡(RR)
16:01:50.164,C006,CLICK,1243,444,◆終点を指示してください  (L)free  (R)Read     　　　基準線変更(LL)　指示線包絡(RR)
16:01:50.313,C006,CLICK_AFTER,1253,451,◆終点を指示してください  (L)free  (R)Read     　　　基準線変更(LL)　指示線包絡(RR)
16:01:50.597,C006,CLICK,1275,460,始点を指示してください  (L)free  (R)Read     　　　基準線変更(LL)　指示線包絡(RR)
16:01:50.750,C006,CLICK_AFTER,1291,556,始点を指示してください  (L)free  (R)Read     　　　基準線変更(LL)　指示線包絡(RR)
16:01:51.156,C006,CLICK,1305,692,始点を指示してください  (L)free  (R)Read     　　　基準線変更(LL)　指示線包絡(RR)
16:01:51.201,C006,AUTO,,,【　点指示(ﾏｳｽ移動)　基準線変更(L)　】
16:01:51.331,C006,CLICK_AFTER,1303,696,◆終点を指示してください  (L)free  (R)Read     　　　基準線変更(LL)　指示線包絡(RR)
16:01:52.364,C006,CLICK,1209,719,始点を指示してください  (L)free  (R)Read     　　　基準線変更(LL)　指示線包絡(RR)
16:01:52.532,C006,CLICK_AFTER,1185,589,始点を指示してください  (L)free  (R)Read     　　　基準線変更(LL)　指示線包絡(RR)
16:01:53.067,C006,CLICK,1180,450,始点を指示してください  (L)free  (R)Read     　　　基準線変更(LL)　指示線包絡(RR)
16:01:53.224,C006,CLICK_AFTER,1180,454,◆終点を指示してください  (L)free  (R)Read     　　　基準線変更(LL)　指示線包絡(RR)
16:01:54.083,C006,CLICK,1191,668,【　点指示(ﾏｳｽ移動)　基準線変更(L)　】
16:01:54.229,C006,CLICK_AFTER,1191,668,【　点指示(ﾏｳｽ移動)　基準線変更(L)　】
16:01:55.733,C007,AUTO,,,始点を指示してください  (L)free  (R)Read     　　　基準線変更(LL)　指示線包絡(RR)
16:02:01.137,C007,AUTO,,,中心線を作図します
16:02:02.146,C007,CLICK,906,819,中心線を作図します
16:02:02.284,C007,AUTO,,,ﾍﾙﾌﾟを表示するには [F1] を押してください。
16:02:02.419,C007,CLICK_AFTER,909,792,１番目の線・円をﾏｳｽ(L)で、読取点をﾏｳｽ(R)で指示してください。
16:02:04.028,C007,CLICK,969,396,１番目の線・円をﾏｳｽ(L)で、読取点をﾏｳｽ(R)で指示してください。
16:02:04.186,C007,CLICK_AFTER,976,398,○ ２番目の線・円をﾏｳｽ(L)で、読取点をﾏｳｽ(R)で指示してください。
16:02:05.200,C007,CLICK,1248,440,○ ２番目の線・円をﾏｳｽ(L)で、読取点をﾏｳｽ(R)で指示してください。
16:02:05.233,C007,AUTO,,,始点を指示してください  (L)free  (R)Read　　　［　連結する線・弧指示　ﾏｳｽ(LL)　］
16:02:05.370,C007,CLICK_AFTER,1248,440,始点を指示してください  (L)free  (R)Read　　　［　連結する線・弧指示　ﾏｳｽ(LL)　］
16:02:05.771,C007,CLICK,1185,391,始点を指示してください  (L)free  (R)Read　　　［　連結する線・弧指示　ﾏｳｽ(LL)　］
16:02:05.927,C007,CLICK_AFTER,1185,392,◆　　終点を指示してください  (L)free  (R)Read　　　［　連結する線・弧指示　ﾏｳｽ(LL)　］
16:02:06.703,C007,CLICK,1193,692,◆　　終点を指示してください  (L)free  (R)Read　　　［　連結する線・弧指示　ﾏｳｽ(LL)　］
16:02:06.856,C007,CLICK_AFTER,1194,686,１番目の線・円をﾏｳｽ(L)で、読取点をﾏｳｽ(R)で指示してください。
16:02:07.981,C007,CLICK,1419,434,１番目の線・円をﾏｳｽ(L)で、読取点をﾏｳｽ(R)で指示してください。
16:02:08.137,C007,CLICK_AFTER,1419,434,○ ２番目の線・円をﾏｳｽ(L)で、読取点をﾏｳｽ(R)で指示してください。
16:02:09.135,C007,CLICK,1236,457,○ ２番目の線・円をﾏｳｽ(L)で、読取点をﾏｳｽ(R)で指示してください。
16:02:09.291,C007,CLICK_AFTER,1236,457,始点を指示してください  (L)free  (R)Read　　　［　連結する線・弧指示　ﾏｳｽ(LL)　］
16:02:09.687,C007,AUTO,,,◆　　終点を指示してください  (L)free  (R)Read　　　［　連結する線・弧指示　ﾏｳｽ(LL)　］
16:02:10.187,C007,CLICK,1305,729,◆　　終点を指示してください  (L)free  (R)Read　　　［　連結する線・弧指示　ﾏｳｽ(LL)　］
16:02:10.216,C007,AUTO,,,【　点指示(ﾏｳｽ移動)　連結線･弧指示(L)　】
16:02:10.350,C007,CLICK_AFTER,1306,720,１番目の線・円をﾏｳｽ(L)で、読取点をﾏｳｽ(R)で指示してください。
16:02:18.972,C008,CLICK,1047,695,○ ２番目の線・円をﾏｳｽ(L)で、読取点をﾏｳｽ(R)で指示してください。
16:02:19.127,C008,CLICK_AFTER,1047,695,○ ２番目の線・円をﾏｳｽ(L)で、読取点をﾏｳｽ(R)で指示してください。
16:02:19.889,C008,CLICK,1384,671,○ ２番目の線・円をﾏｳｽ(L)で、読取点をﾏｳｽ(R)で指示してください。
16:02:20.046,C008,CLICK_AFTER,1331,667,○ ２番目の線・円をﾏｳｽ(L)で、読取点をﾏｳｽ(R)で指示してください。
16:02:20.942,C008,CLICK,1158,684,○ ２番目の線・円をﾏｳｽ(L)で、読取点をﾏｳｽ(R)で指示してください。
16:02:21.102,C008,CLICK_AFTER,1182,675,始点を指示してください  (L)free  (R)Read　　　［　連結する線・弧指示　ﾏｳｽ(LL)　］
16:02:21.749,C008,CLICK,1186,443,始点を指示してください  (L)free  (R)Read　　　［　連結する線・弧指示　ﾏｳｽ(LL)　］
16:02:21.784,C008,AUTO,,,【　点指示(ﾏｳｽ移動)　連結線･弧指示(L)　】
16:02:21.919,C008,CLICK_AFTER,1119,498,◆　　終点を指示してください  (L)free  (R)Read　　　［　連結する線・弧指示　ﾏｳｽ(LL)　］
16:02:23.062,C008,CLICK,758,661,◆　　終点を指示してください  (L)free  (R)Read　　　［　連結する線・弧指示　ﾏｳｽ(LL)　］
16:02:23.218,C008,CLICK_AFTER,758,661,【　点指示(ﾏｳｽ移動)　連結線･弧指示(L)　】
16:02:23.613,C008,AUTO,,,１番目の線・円をﾏｳｽ(L)で、読取点をﾏｳｽ(R)で指示してください。
16:02:24.726,C008,CLICK,937,816,連続線・連続円弧を作図します
16:02:24.880,C008,CLICK_AFTER,937,816,始点を指示してください  (L)free  (R)Read
16:02:26.151,C008,AUTO,,,◆　　終点を指示してください  (L)free  (R)Read
16:02:26.913,C008,CLICK,1507,716,◆　　終点を指示してください  (L)free  (R)Read       << 同一点再指示で終了 ﾏｳｽ（L) >>
16:02:27.076,C008,CLICK_AFTER,1507,716,◆　　終点を指示してください  (L)free  (R)Read       << 同一点再指示で終了 ﾏｳｽ（L) >>
16:02:27.227,C008,AUTO,,,◆　　終点を指示してください  (L)free  (R)Read
16:02:27.793,C008,CLICK,1479,446,◆　　終点を指示してください  (L)free  (R)Read
16:02:27.841,C008,AUTO,,,◆　　終点を指示してください  (L)free  (R)Read       << 同一点再指示で終了 ﾏｳｽ（L) >>
16:02:27.985,C008,CLICK_AFTER,1411,451,◆　　終点を指示してください  (L)free  (R)Read
16:02:28.642,C008,CLICK,916,451,◆　　終点を指示してください  (L)free  (R)Read
16:02:28.811,C008,CLICK_AFTER,936,522,◆　　終点を指示してください  (L)free  (R)Read
16:02:30.007,C008,RCLICK,926,709,◆　　終点を指示してください  (L)free  (R)Read       【同一点再指示で終了 ﾏｳｽ（R)】
16:02:30.171,C008,RCLICK_AFTER,945,706,◆　　終点を指示してください  (L)free  (R)Read       【同一点再指示で終了 ﾏｳｽ（R)】
16:02:32.019,C008,CLICK,1036,746,◆　　終点を指示してください  (L)free  (R)Read       【同一点再指示で終了 ﾏｳｽ（R)】
16:02:32.173,C008,AUTO,,,始点を指示してください  (L)free  (R)Read
16:02:32.305,C008,CLICK_AFTER,1036,746,始点を指示してください  (L)free  (R)Read
16:02:36.991,C008,AUTO,,,連続線・連続円弧を作図します
16:02:38.688,C008,CLICK,945,821,連続線・連続円弧を作図します
16:02:38.724,C008,AUTO,,,ﾍﾙﾌﾟを表示するには [F1] を押してください。
16:02:38.854,C008,CLICK_AFTER,945,821,始点を指示してください  (L)free  (R)Read
16:02:40.313,C008,CLICK,772,468,◆　　終点を指示してください  (L)free  (R)Read
16:02:40.468,C008,CLICK_AFTER,894,476,◆　　終点を指示してください  (L)free  (R)Read
16:02:41.302,C008,CLICK,1611,473,◆　　終点を指示してください  (L)free  (R)Read
16:02:41.340,C008,AUTO,,,◆　　終点を指示してください  (L)free  (R)Read       << 同一点再指示で終了 ﾏｳｽ（L) >>
16:02:41.477,C008,CLICK_AFTER,1611,499,◆　　終点を指示してください  (L)free  (R)Read
16:02:42.363,C008,AUTO,,,◆　　終点を指示してください  (L)free  (R)Read       << 同一点再指示で終了 ﾏｳｽ（L) >>
16:02:42.499,C008,AUTO,,,◆　　終点を指示してください  (L)free  (R)Read
16:02:45.548,C009,RCLICK,773,466,◆　　終点を指示してください  (L)free  (R)Read
16:02:45.706,C009,RCLICK_AFTER,773,466,◆　　終点を指示してください  (L)free  (R)Read       【同一点再指示で終了 ﾏｳｽ（R)】
16:02:46.023,C009,CLICK,793,417,◆　　終点を指示してください  (L)free  (R)Read       【同一点再指示で終了 ﾏｳｽ（R)】
16:02:46.060,C009,AUTO,,,◆　　終点を指示してください  (L)free  (R)Read       << 同一点再指示で終了 ﾏｳｽ（L) >>
16:02:46.205,C009,CLICK_AFTER,793,417,始点を指示してください  (L)free  (R)Read
16:02:48.176,C009,AUTO,,,AUTOモードを実行します
16:02:48.311,C009,CLICK,973,819,AUTOモードを実行します
16:02:48.350,C009,AUTO,,,ﾍﾙﾌﾟを表示するには [F1] を押してください。
16:02:48.480,C009,CLICK_AFTER,973,819,AUTOモード   (L)free：＋／○ ， 線：線編集  (R)Read：＋／○ ， 線：複線 ， 無：□
16:02:51.532,C009,AUTO,,,AUTOモードを実行します
16:02:51.684,C009,CLICK,973,819,ﾍﾙﾌﾟを表示するには [F1] を押してください。
16:02:51.716,C009,AUTO,,,AUTOモード   (L)free：＋／○ ， 線：線編集  (R)Read：＋／○ ， 線：複線 ， 無：□
16:02:51.849,C009,CLICK_AFTER,973,819,AUTOモード   (L)free：＋／○ ， 線：線編集  (R)Read：＋／○ ， 線：複線 ， 無：□
16:02:52.874,C009,CLICK,732,392,AUTOモード   (L)free：＋／○ ， 線：線編集  (R)Read：＋／○ ， 線：複線 ， 無：□
16:02:53.098,C009,CLICK_AFTER,733,393,線 ： マウス移動             円弧 ： 同一点再指示
16:02:53.132,C009,AUTO,,,"◆　　終点を指示してください  (L)free  (R)Read   [ 0.000°]   13,988.817"
16:02:53.269,C009,AUTO,,,"◆　　終点を指示してください  (L)free  (R)Read   [ 0.000°]   22,073.482"
16:02:53.406,C009,AUTO,,,"◆　　終点を指示してください  (L)free  (R)Read   [ 0.000°]   24,690.095"
16:02:53.543,C009,AUTO,,,"◆　　終点を指示してください  (L)free  (R)Read   [ 0.000°]   27,273.162"
16:02:53.676,C009,AUTO,,,"◆　　終点を指示してください  (L)free  (R)Read   [ 0.000°]   27,373.801"
16:02:53.809,C009,AUTO,,,"◆　　終点を指示してください  (L)free  (R)Read   [ 0.000°]   28,547.923"
16:02:53.945,C009,AUTO,,,"◆　　終点を指示してください  (L)free  (R)Read   [ 0.000°]   29,487.220"
16:02:54.077,C009,AUTO,,,"◆　　終点を指示してください  (L)free  (R)Read   [ 0.000°]   29,755.591"
16:02:54.209,C009,AUTO,,,"◆　　終点を指示してください  (L)free  (R)Read   [ 0.000°]   29,554.313"
16:02:54.343,C009,CLICK,1612,589,"◆　　終点を指示してください  (L)free  (R)Read   [ 0.000°]   29,520.766"
16:02:54.500,C009,CLICK_AFTER,1612,589,AUTOモード   (L)free：＋／○ ， 線：線編集  (R)Read：＋／○ ， 線：複線 ， 無：□
16:02:55.480,C009,CLICK,1364,457,AUTOモード   (L)free：＋／○ ， 線：線編集  (R)Read：＋／○ ， 線：複線 ， 無：□
16:02:55.510,C009,AUTO,,,線 ： マウス移動             円弧 ： 同一点再指示
16:02:55.643,C009,CLICK_AFTER,1338,482,"◆　　終点を指示してください  (L)free  (R)Read   [ -90.000°]   1,006.389"
16:02:55.681,C009,AUTO,,,"◆　　終点を指示してください  (L)free  (R)Read   [ 180.000°]   1,408.945"
16:02:55.816,C009,AUTO,,,"◆　　終点を指示してください  (L)free  (R)Read   [ 180.000°]   2,851.437"
16:02:55.951,C009,AUTO,,,"◆　　終点を指示してください  (L)free  (R)Read   [ 180.000°]   3,790.734"
16:02:56.081,C009,AUTO,,,"◆　　終点を指示してください  (L)free  (R)Read   [ 180.000°]   4,595.846"
16:02:56.210,C009,CLICK,1227,540,"◆　　終点を指示してください  (L)free  (R)Read   [ 180.000°]   4,595.846"
16:02:56.382,C009,CLICK_AFTER,1253,517,AUTOモード   (L)free：＋／○ ， 線：線編集  (R)Read：＋／○ ， 線：複線 ， 無：□
16:02:57.528,C009,CLICK,1309,467,AUTOモード   (L)free：＋／○ ， 線：線編集  (R)Read：＋／○ ， 線：複線 ， 無：□
16:02:57.679,C009,CLICK_AFTER,1309,467,(L)(R)：部分消し(線外：伸縮) 、〔同一線〕→ (R)消去 、〔他の線〕→(L)コーナー 、（R)線伸縮基準線
16:02:58.191,C009,CLICK,1304,494,(L)(R)：部分消し(線外：伸縮) 、〔同一線〕→ (R)消去 、〔他の線〕→(L)コーナー 、（R)線伸縮基準線
16:02:58.361,C009,CLICK_AFTER,1294,477,AUTOモード   (L)free：＋／○ ， 線：線編集  (R)Read：＋／○ ， 線：複線 ， 無：□
16:02:59.254,C009,CLICK,1184,445,AUTOモード   (L)free：＋／○ ， 線：線編集  (R)Read：＋／○ ， 線：複線 ， 無：□
16:02:59.417,C009,CLICK_AFTER,1185,445,(L)(R)：部分消し(線外：伸縮) 、〔同一線〕→ (R)消去 、〔他の線〕→(L)コーナー 、（R)線伸縮基準線
16:03:00.186,C009,CLICK,1244,507,(L)(R)：部分消し(線外：伸縮) 、〔同一線〕→ (R)消去 、〔他の線〕→(L)コーナー 、（R)線伸縮基準線
16:03:00.355,C010,CLICK_AFTER,1244,507,AUTOモード   (L)free：＋／○ ， 線：線編集  (R)Read：＋／○ ， 線：複線 ， 無：□
16:03:01.857,C010,CLICK,1204,541,AUTOモード   (L)free：＋／○ ， 線：線編集  (R)Read：＋／○ ， 線：複線 ， 無：□
16:03:02.011,C010,CLICK_AFTER,1212,540,(L)(R)：部分消し(線外：伸縮) 、〔同一線〕→ (R)消去 、〔他の線〕→(L)コーナー 、（R)線伸縮基準線
16:03:03.010,C010,CLICK,1288,393,(L)(R)：部分消し(線外：伸縮) 、〔同一線〕→ (R)消去 、〔他の線〕→(L)コーナー 、（R)線伸縮基準線
16:03:03.048,C010,AUTO,,,計算できません
16:03:03.180,C010,CLICK_AFTER,1288,393,AUTOモード   (L)free：＋／○ ， 線：線編集  (R)Read：＋／○ ， 線：複線 ， 無：□
16:03:03.802,C010,CLICK,1301,453,AUTOモード   (L)free：＋／○ ， 線：線編集  (R)Read：＋／○ ， 線：複線 ， 無：□
16:03:03.965,C010,CLICK_AFTER,1301,453,(L)(R)：部分消し(線外：伸縮) 、〔同一線〕→ (R)消去 、〔他の線〕→(L)コーナー 、（R)線伸縮基準線
16:03:04.484,C010,CLICK,1331,441,(L)(R)：部分消し(線外：伸縮) 、〔同一線〕→ (R)消去 、〔他の線〕→(L)コーナー 、（R)線伸縮基準線
16:03:04.663,C010,CLICK_AFTER,1331,441,(L)(R)：部分消し(線外：伸縮) 、〔同一線〕→ (R)消去 、〔他の線〕→(L)コーナー 、（R)線伸縮基準線
16:03:04.697,C010,AUTO,,,AUTOモード   (L)free：＋／○ ， 線：線編集  (R)Read：＋／○ ， 線：複線 ， 無：□
16:03:21.764,C010,AUTO,,,点を書きます
16:03:22.641,C010,CLICK,1001,818,点を書きます
16:03:22.794,C010,CLICK_AFTER,1001,818,点位置を指示してください  (L)free  (R)Read
16:03:24.066,C010,CLICK,1306,562,点位置を指示してください  (L)free  (R)Read
16:03:24.227,C010,CLICK_AFTER,1278,600,点位置を指示してください  (L)free  (R)Read
16:03:24.385,C010,CLICK,1277,605,点位置を指示してください  (L)free  (R)Read
16:03:24.548,C010,CLICK_AFTER,1274,639,点位置を指示してください  (L)free  (R)Read
16:03:24.711,C010,CLICK,1273,644,点位置を指示してください  (L)free  (R)Read
16:03:24.870,C010,CLICK_AFTER,1222,657,点位置を指示してください  (L)free  (R)Read
16:03:25.035,C010,CLICK,1222,657,点位置を指示してください  (L)free  (R)Read
16:03:25.199,C010,CLICK_AFTER,1181,645,点位置を指示してください  (L)free  (R)Read
16:03:25.599,C010,CLICK,1179,590,点位置を指示してください  (L)free  (R)Read
16:03:25.762,C010,CLICK_AFTER,1222,571,点位置を指示してください  (L)free  (R)Read
16:03:25.914,C010,CLICK,1222,566,点位置を指示してください  (L)free  (R)Read
16:03:26.071,C010,CLICK_AFTER,1222,566,点位置を指示してください  (L)free  (R)Read
16:03:26.391,C010,CLICK,1220,516,点位置を指示してください  (L)free  (R)Read
16:03:26.553,C010,CLICK_AFTER,1311,520,点位置を指示してください  (L)free  (R)Read
16:03:26.709,C010,CLICK,1311,520,点位置を指示してください  (L)free  (R)Read
16:03:26.866,C010,CLICK_AFTER,1336,569,点位置を指示してください  (L)free  (R)Read
16:03:27.020,C010,CLICK,1340,584,点位置を指示してください  (L)free  (R)Read
16:03:27.181,C010,CLICK_AFTER,1340,586,点位置を指示してください  (L)free  (R)Read
16:03:29.193,C010,RCLICK,1400,605,点位置を指示してください  (L)free  (R)Read
16:03:29.359,C010,RCLICK_AFTER,1422,599,点位置を指示してください  (L)free  (R)Read
16:03:30.251,C010,RCLICK,1488,551,点位置を指示してください  (L)free  (R)Read
16:03:30.406,C010,RCLICK_AFTER,1480,562,点位置を指示してください  (L)free  (R)Read
16:03:37.080,C011,AUTO,,,接線を作図します
16:03:37.632,C011,AUTO,,,ﾍﾙﾌﾟを表示するには [F1] を押してください。
16:03:37.773,C011,AUTO,,,円を指示してください。
16:03:38.729,C011,CLICK,824,549,円を指示してください。
16:03:38.881,C011,CLICK_AFTER,824,549,円を指示してください。
16:03:39.847,C011,CLICK,1076,520,円を指示してください。
16:03:39.998,C011,CLICK_AFTER,1076,520,●　　次の円を指示してください。
16:03:40.623,C011,CLICK,1086,496,●　　次の円を指示してください。
16:03:40.771,C011,CLICK_AFTER,1086,496,●　　次の円を指示してください。
16:03:42.223,C011,CLICK,900,517,●　　次の円を指示してください。
16:03:42.373,C011,AUTO,,,円を指示してください。
16:03:42.500,C011,CLICK_AFTER,900,517,円を指示してください。
16:03:44.061,C011,CLICK,989,532,円を指示してください。
16:03:44.090,C011,AUTO,,,●　　次の円を指示してください。
16:03:44.227,C011,CLICK_AFTER,1022,524,●　　次の円を指示してください。
16:03:44.627,C011,CLICK,1064,510,円を指示してください。
16:03:44.781,C011,CLICK_AFTER,1060,516,円を指示してください。
16:03:44.934,C011,CLICK,1060,516,円を指示してください。
16:03:44.976,C011,AUTO,,,●　　次の円を指示してください。
16:03:45.103,C011,CLICK_AFTER,1060,516,●　　次の円を指示してください。
16:03:45.864,C011,CLICK,1046,627,●　　次の円を指示してください。
16:03:45.907,C011,AUTO,,,円を指示してください。
16:03:46.044,C011,CLICK_AFTER,1046,627,円を指示してください。
16:03:46.332,C011,CLICK,1052,632,円を指示してください。
16:03:46.491,C011,CLICK_AFTER,1052,632,●　　次の円を指示してください。
16:03:47.581,C011,CLICK,1160,641,●　　次の円を指示してください。
16:03:47.730,C011,CLICK_AFTER,1160,641,円を指示してください。
16:03:48.475,C011,CLICK,939,454,円を指示してください。
16:03:48.632,C012,CLICK_AFTER,941,457,円を指示してください。
16:03:50.114,C012,CLICK,1139,732,円を指示してください。
16:03:50.148,C012,AUTO,,,●　　次の円を指示してください。
16:03:50.286,C012,CLICK_AFTER,1139,732,●　　次の円を指示してください。
16:03:52.018,C012,CLICK,801,657,●　　次の円を指示してください。
16:03:52.061,C012,AUTO,,,円を指示してください。
16:03:52.192,C012,CLICK_AFTER,828,655,円を指示してください。
16:03:52.947,C012,CLICK,859,630,円を指示してください。
16:03:53.108,C012,CLICK_AFTER,859,630,●　　次の円を指示してください。
16:03:57.581,C012,CLICK,782,819,円を書く
16:03:57.668,C012,AUTO,,,ﾍﾙﾌﾟを表示するには [F1] を押してください。
16:03:57.804,C012,CLICK_AFTER,835,691,中心点を指示してください  (L)free  (R)Read
16:03:58.328,C012,CLICK,862,483,中心点を指示してください  (L)free  (R)Read
16:03:58.490,C012,CLICK_AFTER,862,483,円位置を指示してください  (L)free  (R)Read
16:03:58.530,C012,AUTO,,,円位置を指示してください  (L)free  (R)Read      r = 167.731
16:03:58.674,C012,AUTO,,,"円位置を指示してください  (L)free  (R)Read      r = 1,257.427"
16:03:58.815,C012,AUTO,,,"円位置を指示してください  (L)free  (R)Read      r = 1,424.040"
16:03:58.964,C012,AUTO,,,"円位置を指示してください  (L)free  (R)Read      r = 1,739.563"
16:03:59.100,C012,AUTO,,,"円位置を指示してください  (L)free  (R)Read      r = 2,059.755"
16:03:59.247,C012,AUTO,,,"円位置を指示してください  (L)free  (R)Read      r = 2,355.420"
16:03:59.388,C012,CLICK,904,542,"円位置を指示してください  (L)free  (R)Read      r = 2,429.504"
16:03:59.551,C012,CLICK_AFTER,904,542,"中心点を指示してください  (L)free  (R)Read      r = 2,429.504"
16:05:10.921,,AUTO,,,"中心点を指示してください  (L)free  (R)Read      r = 2,429.504"
16:05:22.425,C012,AUTO,,,接円を作図します
16:05:23.476,C012,CLICK,1063,819,接円を作図します
16:05:23.628,C012,CLICK_AFTER,1063,819,ﾍﾙﾌﾟを表示するには [F1] を押してください。
16:05:23.660,C012,AUTO,,,１番目の線・円をﾏｳｽ(L)で、読取点をﾏｳｽ(R)で指示してください。
16:05:25.167,C012,CLICK,1068,517,１番目の線・円をﾏｳｽ(L)で、読取点をﾏｳｽ(R)で指示してください。
16:05:25.332,C012,CLICK_AFTER,1068,517,○ ２番目の線・円をﾏｳｽ(L)で、読取点をﾏｳｽ(R)で指示してください。
16:05:26.342,C012,CLICK,811,592,○ ２番目の線・円をﾏｳｽ(L)で、読取点をﾏｳｽ(R)で指示してください。
16:05:26.501,C012,CLICK_AFTER,811,592,◎ ３番目の線・円をﾏｳｽ(L)で、読取点をﾏｳｽ(R)で指示してください。
16:05:28.611,C012,CLICK,831,428,◎ ３番目の線・円をﾏｳｽ(L)で、読取点をﾏｳｽ(R)で指示してください。
16:05:28.770,C012,CLICK_AFTER,831,428,１番目の線・円をﾏｳｽ(L)で、読取点をﾏｳｽ(R)で指示してください。
16:05:32.585,C012,CLICK,804,521,１番目の線・円をﾏｳｽ(L)で、読取点をﾏｳｽ(R)で指示してください。
16:05:32.621,C012,AUTO,,,○ ２番目の線・円をﾏｳｽ(L)で、読取点をﾏｳｽ(R)で指示してください。
16:05:32.758,C012,CLICK_AFTER,804,521,○ ２番目の線・円をﾏｳｽ(L)で、読取点をﾏｳｽ(R)で指示してください。
16:05:33.550,C012,CLICK,816,581,○ ２番目の線・円をﾏｳｽ(L)で、読取点をﾏｳｽ(R)で指示してください。
16:05:33.709,C012,CLICK_AFTER,819,577,◎ ３番目の線・円をﾏｳｽ(L)で、読取点をﾏｳｽ(R)で指示してください。
16:05:36.730,C012,CLICK,1043,510,◎ ３番目の線・円をﾏｳｽ(L)で、読取点をﾏｳｽ(R)で指示してください。
16:05:36.772,C012,AUTO,,,１番目の線・円をﾏｳｽ(L)で、読取点をﾏｳｽ(R)で指示してください。
16:05:36.906,C012,CLICK_AFTER,1043,510,１番目の線・円をﾏｳｽ(L)で、読取点をﾏｳｽ(R)で指示してください。
16:05:43.372,C013,AUTO,,,ハッチングを行います
16:05:44.130,C013,CLICK,1095,820,ハッチングを行います
16:05:44.287,C013,CLICK_AFTER,1095,820,始めの線・弧をﾏｳｽ(L)で、閉鎖連続線・円をﾏｳｽ(R)で指示してください。   【 0 】
16:05:45.389,C013,CLICK,1242,511,始めの線・弧をﾏｳｽ(L)で、閉鎖連続線・円をﾏｳｽ(R)で指示してください。   【 0 】
16:05:45.565,C013,CLICK_AFTER,1227,491,■ 次の線・円をﾏｳｽ(L)で指示してください。     【 0 】   < 1 >
16:05:46.091,C013,CLICK,1207,445,■ 次の線・円をﾏｳｽ(L)で指示してください。     【 0 】   < 1 >
16:05:46.247,C013,CLICK_AFTER,1203,445,■ 次の線・円をﾏｳｽ(L)で指示してください。     【 1 】   < 2 >
16:05:47.233,C013,CLICK,920,577,■ 次の線・円をﾏｳｽ(L)で指示してください。     【 1 】   < 2 >
16:05:47.272,C013,AUTO,,,■ 次の線・円をﾏｳｽ(L)で指示してください。     【 2 】   < 3 >
16:05:47.410,C013,CLICK_AFTER,973,598,■ 次の線・円をﾏｳｽ(L)で指示してください。     【 2 】   < 3 >
16:05:48.161,C013,CLICK,1186,679,■ 次の線・円をﾏｳｽ(L)で指示してください。     【 2 】   < 3 >
16:05:48.317,C013,CLICK_AFTER,1186,679,■ 次の線・円をﾏｳｽ(L)で指示してください。     【 3 】   < 4 >
16:05:49.358,C013,CLICK,1240,569,■ 次の線・円をﾏｳｽ(L)で指示してください。     【 3 】   < 4 >
16:05:49.516,C013,CLICK_AFTER,1240,569,始めの線・弧をﾏｳｽ(L)で、閉鎖連続線・円をﾏｳｽ(R)で指示してください。   【 4 】
16:05:51.441,C013,CLICK,640,336,始めの線・弧をﾏｳｽ(L)で、閉鎖連続線・円をﾏｳｽ(R)で指示してください。   【 4 】
16:05:51.602,C013,CLICK_AFTER,640,336,始めの線・弧をﾏｳｽ(L)で、閉鎖連続線・円をﾏｳｽ(R)で指示してください。   【 4 】
16:05:57.286,C013,CLICK,1344,467,始めの線・弧をﾏｳｽ(L)で、閉鎖連続線・円をﾏｳｽ(R)で指示してください。   【 4 】
16:05:57.323,C013,AUTO,,,■ 次の線・円をﾏｳｽ(L)で指示してください。     【 4 】   < 1 >
16:05:57.460,C013,CLICK_AFTER,1360,471,■ 次の線・円をﾏｳｽ(L)で指示してください。     【 4 】   < 1 >
16:05:58.112,C013,CLICK,1410,482,■ 次の線・円をﾏｳｽ(L)で指示してください。     【 4 】   < 1 >
16:05:58.152,C013,AUTO,,,■ 次の線・円をﾏｳｽ(L)で指示してください。     【 5 】   < 2 >
16:05:58.288,C013,CLICK_AFTER,1409,486,■ 次の線・円をﾏｳｽ(L)で指示してください。     【 5 】   < 2 >
16:05:58.696,C013,CLICK,1395,493,■ 次の線・円をﾏｳｽ(L)で指示してください。     【 5 】   < 2 >
16:05:58.859,C013,CLICK_AFTER,1394,493,■ 次の線・円をﾏｳｽ(L)で指示してください。     【 6 】   < 3 >
16:05:59.749,C013,CLICK,1240,481,■ 次の線・円をﾏｳｽ(L)で指示してください。     【 6 】   < 3 >
16:05:59.905,C013,CLICK_AFTER,1240,480,■ 次の線・円をﾏｳｽ(L)で指示してください。     【 7 】   < 4 >
16:06:00.558,C013,CLICK,1329,474,■ 次の線・円をﾏｳｽ(L)で指示してください。     【 7 】   < 4 >
16:06:00.605,C013,AUTO,,,始めの線・弧をﾏｳｽ(L)で、閉鎖連続線・円をﾏｳｽ(R)で指示してください。   【 8 】
16:06:00.748,C013,CLICK_AFTER,1327,473,始めの線・弧をﾏｳｽ(L)で、閉鎖連続線・円をﾏｳｽ(R)で指示してください。   【 8 】
16:06:02.382,C013,CLICK,650,337,始めの線・弧をﾏｳｽ(L)で、閉鎖連続線・円をﾏｳｽ(R)で指示してください。   【 8 】
16:06:02.540,C013,CLICK_AFTER,650,337,始めの線・弧をﾏｳｽ(L)で、閉鎖連続線・円をﾏｳｽ(R)で指示してください。   【 8 】
16:06:12.473,C014,CLICK,1125,819,ﾊﾟラメトリックな建具を作図します
16:06:12.875,C014,AUTO,,,ﾍﾙﾌﾟを表示するには [F1] を押してください。
16:06:13.015,C014,CLICK_AFTER,1125,819,建具を選択してください。
16:06:14.883,C014,ESC,,,建具を選択してください。
16:06:15.164,C014,AUTO,,,ﾊﾟラメトリックな建具を作図します
16:06:16.787,C014,AUTO,,,建具を選択してください。
16:06:21.079,C014,AUTO,,,ﾊﾟラメトリックな建具を作図します
16:06:21.325,C014,AUTO,,,ﾍﾙﾌﾟを表示するには [F1] を押してください。
16:06:21.461,C015,AUTO,,,建具を選択してください。
16:06:26.775,C015,AUTO,,,基準線を指示してください　(L)　　　　　２点間の始点指示　（R)
16:06:27.903,C015,CLICK,1306,575,基準線を指示してください　(L)　　　　　２点間の始点指示　（R)
16:06:28.062,C015,CLICK_AFTER,1360,598,基準線を指示してください　(L)　　　　　２点間の始点指示　（R)
16:06:28.824,C015,CLICK,1484,645,基準線を指示してください　(L)　　　　　２点間の始点指示　（R)
16:06:28.995,C015,CLICK_AFTER,1484,645,基準線を指示してください　(L)　　　　　２点間の始点指示　（R)
16:06:29.529,C015,CLICK,1468,667,基準線を指示してください　(L)　　　　　２点間の始点指示　（R)
16:06:29.721,C015,CLICK_AFTER,1477,617,基準線を指示してください　(L)　　　　　２点間の始点指示　（R)
16:06:29.914,C015,AUTO,,,建具位置を指示してください。  (L)free (R)Read
16:06:30.971,C015,CLICK,1356,637,建具位置を指示してください。  (L)free (R)Read
16:06:31.130,C015,CLICK_AFTER,1356,637,基準線を指示してください　(L)　　　　　２点間の始点指示　（R)
16:06:37.774,C015,AUTO,,,ﾊﾟラメトリックな建具（断面）を作図します
16:06:42.722,C016,AUTO,,,基準線を指示してください　(L)　　　　　２点間の始点指示　（R)
16:07:18.560,C014,CLICK,1236,311,基準線を指示してください　(L)　　　　　２点間の始点指示　（R)
16:07:18.716,C014,CLICK_AFTER,1236,311,基準線を指示してください　(L)　　　　　２点間の始点指示　（R)
16:08:16.115,C014,AUTO,,,ﾊﾟラメトリックな建具を作図します
16:08:16.250,C014,CLICK,1129,817,ﾊﾟラメトリックな建具を作図します
16:08:16.617,C014,CLICK_AFTER,1129,817,ﾍﾙﾌﾟを表示するには [F1] を押してください。
16:08:16.654,C014,AUTO,,,建具を選択してください。
16:08:18.873,C014,CLICK,1246,483,建具を選択してください。
16:08:19.028,C014,CLICK_AFTER,1246,482,建具を選択してください。
16:08:19.563,C014,CLICK,1246,482,建具を選択してください。
16:08:19.722,C014,AUTO,,,基準線を指示してください　(L)　　　　　２点間の始点指示　（R)
16:08:19.855,C014,CLICK_AFTER,1246,482,基準線を指示してください　(L)　　　　　２点間の始点指示　（R)
16:08:21.986,C014,CLICK,1260,556,基準線を指示してください　(L)　　　　　２点間の始点指示　（R)
16:08:22.016,C014,AUTO,,,建具位置を指示してください。  (L)free (R)Read
16:08:22.151,C014,CLICK_AFTER,1305,558,建具位置を指示してください。  (L)free (R)Read
16:08:23.056,C014,CLICK,1294,590,建具位置を指示してください。  (L)free (R)Read
16:08:23.096,C014,AUTO,,,基準線を指示してください　(L)　　　　　２点間の始点指示　（R)
16:08:23.228,C014,CLICK_AFTER,1328,584,基準線を指示してください　(L)　　　　　２点間の始点指示　（R)
16:08:37.444,C014,CLICK,1417,594,基準線を指示してください　(L)　　　　　２点間の始点指示　（R)
16:08:37.484,C014,AUTO,,,建具位置を指示してください。  (L)free (R)Read
16:08:37.636,C014,CLICK_AFTER,1404,608,建具位置を指示してください。  (L)free (R)Read
16:08:37.932,C014,CLICK,1393,640,建具位置を指示してください。  (L)free (R)Read
16:08:38.101,C014,CLICK_AFTER,1393,640,基準線を指示してください　(L)　　　　　２点間の始点指示　（R)
16:08:44.424,C015,AUTO,,,ﾊﾟラメトリックな建具（断面）を作図します
16:08:46.041,C015,CLICK,1158,818,ﾊﾟラメトリックな建具（断面）を作図します
16:08:46.406,C015,CLICK_AFTER,1158,818,ﾍﾙﾌﾟを表示するには [F1] を押してください。
16:08:46.443,C015,AUTO,,,建具を選択してください。
16:08:50.699,C015,CLICK,1234,395,建具を選択してください。
16:08:50.853,C015,AUTO,,,基準線を指示してください　(L)　　　　　２点間の始点指示　（R)
16:08:50.982,C015,CLICK_AFTER,1234,395,基準線を指示してください　(L)　　　　　２点間の始点指示　（R)
16:08:52.970,C015,CLICK,1230,394,基準線を指示してください　(L)　　　　　２点間の始点指示　（R)
16:08:53.008,C015,AUTO,,,建具位置を指示してください。  (L)free (R)Read
16:08:53.143,C015,CLICK_AFTER,1230,394,建具位置を指示してください。  (L)free (R)Read
16:08:54.299,C015,AUTO,,,基準線を指示してください　(L)　　　　　２点間の始点指示　（R)
16:08:56.543,C015,CLICK,1376,394,基準線を指示してください　(L)　　　　　２点間の始点指示　（R)
16:08:56.584,C015,AUTO,,,建具位置を指示してください。  (L)free (R)Read
16:08:56.724,C015,CLICK_AFTER,1372,394,建具位置を指示してください。  (L)free (R)Read
16:08:57.403,C015,CLICK,1327,440,建具位置を指示してください。  (L)free (R)Read
16:08:57.562,C015,CLICK_AFTER,1327,440,基準線を指示してください　(L)　　　　　２点間の始点指示　（R)
16:09:03.756,C016,CLICK,1185,819,ﾊﾟラメトリックな建具（立面）を作図します
16:09:03.957,C016,AUTO,,,ﾍﾙﾌﾟを表示するには [F1] を押してください。
16:09:04.094,C016,CLICK_AFTER,1185,820,建具を選択してください。
16:09:08.343,C016,AUTO,,,建具位置を指示してください。  (L)free (R)Read
16:09:09.617,C016,CLICK,1301,611,建具位置を指示してください。  (L)free (R)Read
16:09:09.778,C016,CLICK_AFTER,1301,611,建具位置を指示してください。  (L)free (R)Read
16:09:11.156,C016,CLICK,1363,648,建具位置を指示してください。  (L)free (R)Read
16:09:11.314,C016,CLICK_AFTER,1363,648,建具位置を指示してください。  (L)free (R)Read
16:09:20.817,C017,CLICK,1225,819,多角形（２辺）を作図します
16:09:21.118,C017,CLICK_AFTER,1225,819,ﾍﾙﾌﾟを表示するには [F1] を押してください。
16:09:21.157,C017,AUTO,,,中心点を指示してください  (L)free  (R)Read
16:09:24.908,C017,CLICK,1264,577,中心点を指示してください  (L)free  (R)Read
16:09:25.059,C017,CLICK_AFTER,1264,577,中心点を指示してください  (L)free  (R)Read
16:09:28.200,C017,CLICK,1554,599,中心点を指示してください  (L)free  (R)Read
16:09:28.359,C017,CLICK_AFTER,1554,599,中心点を指示してください  (L)free  (R)Read
16:09:41.696,C018,CLICK,1256,821,ソリッドを作図します
16:09:41.907,C018,CLICK_AFTER,1256,821,ﾍﾙﾌﾟを表示するには [F1] を押してください。
16:09:42.072,C018,AUTO,,,始点を指示してください  (L)free  (R)Read     [Shift]+(L)：色変更    [Shift]+(R)：色取得
16:09:44.025,C018,CLICK,1532,584,始点を指示してください  (L)free  (R)Read     [Shift]+(L)：色変更    [Shift]+(R)：色取得
16:09:44.189,C018,CLICK_AFTER,1546,585,●中間点を指示してください。   (L)free (R)Read
16:09:45.848,C018,RCLICK,1553,568,●中間点を指示してください。   (L)free (R)Read
16:09:45.894,C018,AUTO,,,◆　　終点を指示してください  (L)free  (R)Read
16:09:46.031,C018,RCLICK_AFTER,1577,585,◆　　終点を指示してください  (L)free  (R)Read
16:09:46.317,C018,RCLICK,1577,585,◆　　終点を指示してください  (L)free  (R)Read
16:09:46.488,C018,RCLICK_AFTER,1577,585,◆　　終点を指示してください  (L)free  (R)Read
16:09:47.481,C018,RCLICK,1582,591,◆　　終点を指示してください  (L)free  (R)Read
16:09:47.645,C018,RCLICK_AFTER,1582,591,◆　　終点を指示してください  (L)free  (R)Read
16:09:48.213,C018,RCLICK,1569,621,◆　　終点を指示してください  (L)free  (R)Read
16:09:48.372,C018,RCLICK_AFTER,1569,621,◆　　終点を指示してください  (L)free  (R)Read
16:09:49.163,C018,RCLICK,1533,626,◆　　終点を指示してください  (L)free  (R)Read
16:09:49.330,C018,RCLICK_AFTER,1532,622,◆　　終点を指示してください  (L)free  (R)Read
16:09:49.889,C018,RCLICK,1526,591,◆　　終点を指示してください  (L)free  (R)Read
16:09:50.040,C018,RCLICK_AFTER,1526,591,◆　　終点を指示してください  (L)free  (R)Read
16:09:51.515,C018,RCLICK,1554,569,◆　　終点を指示してください  (L)free  (R)Read
16:09:51.673,C018,RCLICK_AFTER,1554,569,◆　　終点を指示してください  (L)free  (R)Read
16:09:53.337,C019,CLICK,741,340,◆　　終点を指示してください  (L)free  (R)Read
16:09:53.501,C019,CLICK_AFTER,741,340,始点を指示してください  (L)free  (R)Read     [Shift]+(L)：色変更    [Shift]+(R)：色取得
16:10:01.143,C019,CLICK,1282,818,曲線を作図します
16:10:01.300,C019,CLICK_AFTER,1282,818,ﾍﾙﾌﾟを表示するには [F1] を押してください。
16:10:01.337,C019,AUTO,,,始点を指示してください  (L)free  (R)Read     ［ 連結する線・弧指示（LL) ］
16:10:05.620,C019,CLICK,1382,521,始点を指示してください  (L)free  (R)Read     ［ 連結する線・弧指示（LL) ］
16:10:05.652,C019,AUTO,,,●中間点を指示してください。   (L)free (R)Read     ［ 連結する線・弧指示（LL) ］
16:10:05.784,C019,CLICK_AFTER,1470,521,●中間点を指示してください。   (L)free (R)Read     ［ 連結する線・弧指示（LL) ］
16:10:06.314,C019,CLICK,1468,529,●中間点を指示してください。   (L)free (R)Read     ［ 連結する線・弧指示（LL) ］
16:10:06.470,C019,CLICK_AFTER,1468,529,◆　　終点を指示してください  (L)free  (R)Read     ［ 連結する線・弧指示（LL) ］
16:10:07.377,C019,CLICK,1474,618,◆　　終点を指示してください  (L)free  (R)Read     ［ 連結する線・弧指示（LL) ］
16:10:07.538,C019,CLICK_AFTER,1474,618,◆　　終点を指示してください  (L)free  (R)Read     ［ 連結する線・弧指示（LL) ］
16:10:09.453,C019,CLICK,1151,341,◆　　終点を指示してください  (L)free  (R)Read     ［ 連結する線・弧指示（LL) ］
16:10:09.619,C019,CLICK_AFTER,1151,341,始点を指示してください  (L)free  (R)Read     ［ 連結する線・弧指示（LL) ］
16:10:11.231,C019,AUTO,,,曲線を作図します
16:10:11.846,C019,CLICK,1284,827,曲線を作図します
16:10:12.002,C019,CLICK_AFTER,1284,827,始点を指示してください  (L)free  (R)Read     ［ 連結する線・弧指示（LL) ］
16:10:13.015,C019,CLICK,1295,642,始点を指示してください  (L)free  (R)Read     ［ 連結する線・弧指示（LL) ］
16:10:13.171,C019,CLICK_AFTER,1306,642,●中間点を指示してください。   (L)free (R)Read     ［ 連結する線・弧指示（LL) ］
16:10:14.553,C019,AUTO,,,◆　　終点を指示してください  (L)free  (R)Read     ［ 連結する線・弧指示（LL) ］
16:10:15.175,C019,CLICK,1262,437,◆　　終点を指示してください  (L)free  (R)Read     ［ 連結する線・弧指示（LL) ］
16:10:15.329,C019,CLICK_AFTER,1262,437,◆　　終点を指示してください  (L)free  (R)Read     ［ 連結する線・弧指示（LL) ］
16:10:17.051,C019,CLICK,1145,338,◆　　終点を指示してください  (L)free  (R)Read     ［ 連結する線・弧指示（LL) ］
16:10:17.122,C019,AUTO,,,始点を指示してください  (L)free  (R)Read     ［ 連結する線・弧指示（LL) ］
16:10:17.257,C019,CLICK_AFTER,1145,338,始点を指示してください  (L)free  (R)Read     ［ 連結する線・弧指示（LL) ］
